USER_ID,EMAIL,NAME,LASTNAME
Patsy.Domenech76,Patsy,Domenech,Patsy.Domenech76@goodmail.com
Alfreda.Ware75,Alfreda,Ware,Alfreda.Ware75@funmail.com
Perrine.Sielen97,Perrine,Sielen,Perrine.Sielen97@funmail.com
Theodora.Jarrett67,Theodora,Jarrett,Theodora.Jarrett67@testmail.com
Astrix.Shira16,Astrix,Shira,Astrix.Shira16@goodmail.com
Jannel.Kampmeier79,Jannel,Kampmeier,Jannel.Kampmeier79@funmail.com
Opal.Loram56,Opal,Loram,Opal.Loram56@testmail.com
Althea.Clarhe34,Althea,Clarhe,Althea.Clarhe34@funmail.com
Abigale.Raynard49,Abigale,Raynard,Abigale.Raynard49@testmail.com
Roxine.Ansela46,Roxine,Ansela,Roxine.Ansela46@testmail.com
Brier.Paten4,Brier,Paten,Brier.Paten4@funmail.com
Gunilla.Burner14,Gunilla,Burner,Gunilla.Burner14@goodmail.com
Erinn.MacFadyn44,Erinn,MacFadyn,Erinn.MacFadyn44@testmail.com
Sonia.Honan43,Sonia,Honan,Sonia.Honan43@goodmail.com
Auria.Odyssey25,Auria,Odyssey,Auria.Odyssey25@testmail.com
Kristel.Lauzon23,Kristel,Lauzon,Kristel.Lauzon23@funmail.com
Else.Kallista11,Else,Kallista,Else.Kallista11@goodmail.com
Starr.Stinky51,Starr,Stinky,Starr.Stinky51@testmail.com
Jonis.Kamp11,Jonis,Kamp,Jonis.Kamp11@funmail.com
Pietra.Wehrle64,Pietra,Wehrle,Pietra.Wehrle64@testmail.com
Cal.Martinic46,Cal,Martinic,Cal.Martinic46@funmail.com
Edeline.Annunciata32,Edeline,Annunciata,Edeline.Annunciata32@goodmail.com
Lucretia.Bekki10,Lucretia,Bekki,Lucretia.Bekki10@goodmail.com
Milzie.Warms39,Milzie,Warms,Milzie.Warms39@testmail.com
Terri.Mackoff35,Terri,Mackoff,Terri.Mackoff35@goodmail.com
Danna.Tjaden97,Danna,Tjaden,Danna.Tjaden97@goodmail.com
Lucie.Guzel18,Lucie,Guzel,Lucie.Guzel18@goodmail.com
Tandi.Adele32,Tandi,Adele,Tandi.Adele32@funmail.com
Leanna.Kuo93,Leanna,Kuo,Leanna.Kuo93@goodmail.com
Ynes.Stokes2,Ynes,Stokes,Ynes.Stokes2@goodmail.com
Wren.Zetta3,Wren,Zetta,Wren.Zetta3@goodmail.com
Jackie.Jean-Claude54,Jackie,Jean-Claude,Jackie.Jean-Claude54@funmail.com
Audi.Stempson9,Audi,Stempson,Audi.Stempson9@testmail.com
Julissa.Wu4,Julissa,Wu,Julissa.Wu4@testmail.com
Tomasina.Camel58,Tomasina,Camel,Tomasina.Camel58@funmail.com
Maggy.Claudetta13,Maggy,Claudetta,Maggy.Claudetta13@funmail.com
Jorie.Angrist37,Jorie,Angrist,Jorie.Angrist37@goodmail.com
Guenna.Barna93,Guenna,Barna,Guenna.Barna93@funmail.com
Ronica.Wickham74,Ronica,Wickham,Ronica.Wickham74@testmail.com
Darbie.Stedman42,Darbie,Stedman,Darbie.Stedman42@goodmail.com
Galina.Walker14,Galina,Walker,Galina.Walker14@funmail.com
Vanny.Penman43,Vanny,Penman,Vanny.Penman43@goodmail.com
Tracey.Athallia42,Tracey,Athallia,Tracey.Athallia42@testmail.com
Molli.Centeno46,Molli,Centeno,Molli.Centeno46@testmail.com
Eden.Janet38,Eden,Janet,Eden.Janet38@testmail.com
Larissa.Romelda21,Larissa,Romelda,Larissa.Romelda21@funmail.com
Clarine.Garbe22,Clarine,Garbe,Clarine.Garbe22@funmail.com
Rozelle.Spracklen43,Rozelle,Spracklen,Rozelle.Spracklen43@goodmail.com
Dedie.Robenia64,Dedie,Robenia,Dedie.Robenia64@testmail.com
Monah.Renick44,Monah,Renick,Monah.Renick44@testmail.com
Marieann.Siddra73,Marieann,Siddra,Marieann.Siddra73@testmail.com
Essa.Hansen76,Essa,Hansen,Essa.Hansen76@testmail.com
Marigold.Kacey87,Marigold,Kacey,Marigold.Kacey87@goodmail.com
Cherlyn.Derril53,Cherlyn,Derril,Cherlyn.Derril53@goodmail.com
Madeleine.Julianna52,Madeleine,Julianna,Madeleine.Julianna52@testmail.com
Juditha.Barbabas1,Juditha,Barbabas,Juditha.Barbabas1@testmail.com
Jerry.Hannis2,Jerry,Hannis,Jerry.Hannis2@testmail.com
Inger.Celinka97,Inger,Celinka,Inger.Celinka97@testmail.com
Katherine.Hagerman37,Katherine,Hagerman,Katherine.Hagerman37@goodmail.com
Kathi.Dronski50,Kathi,Dronski,Kathi.Dronski50@goodmail.com
Gabriella.Jeconiah15,Gabriella,Jeconiah,Gabriella.Jeconiah15@testmail.com
Ninon.Collum48,Ninon,Collum,Ninon.Collum48@goodmail.com
Abbe.Shurlock35,Abbe,Shurlock,Abbe.Shurlock35@goodmail.com
Chloette.Sisson31,Chloette,Sisson,Chloette.Sisson31@testmail.com
Meris.Connolly26,Meris,Connolly,Meris.Connolly26@funmail.com
Ronalda.Gassman76,Ronalda,Gassman,Ronalda.Gassman76@funmail.com
Shena.Hinkle84,Shena,Hinkle,Shena.Hinkle84@funmail.com
Virginie.Liggitt13,Virginie,Liggitt,Virginie.Liggitt13@funmail.com
Evita.Garbe93,Evita,Garbe,Evita.Garbe93@goodmail.com
Nicholle.Tara57,Nicholle,Tara,Nicholle.Tara57@funmail.com
Robinetta.Hunfredo40,Robinetta,Hunfredo,Robinetta.Hunfredo40@funmail.com
Krissie.Lissner96,Krissie,Lissner,Krissie.Lissner96@testmail.com
Kirby.Siberson33,Kirby,Siberson,Kirby.Siberson33@goodmail.com
Zena.Lacie18,Zena,Lacie,Zena.Lacie18@testmail.com
Petronella.Brent29,Petronella,Brent,Petronella.Brent29@testmail.com
Cindra.Rento16,Cindra,Rento,Cindra.Rento16@funmail.com
Muire.Horsey49,Muire,Horsey,Muire.Horsey49@testmail.com
Pearla.Andrew31,Pearla,Andrew,Pearla.Andrew31@funmail.com
Evangeline.Dublin23,Evangeline,Dublin,Evangeline.Dublin23@funmail.com
Nita.Perice32,Nita,Perice,Nita.Perice32@goodmail.com
Amelina.Burne81,Amelina,Burne,Amelina.Burne81@testmail.com
Shaina.Maunsell60,Shaina,Maunsell,Shaina.Maunsell60@goodmail.com
Ameline.Netta31,Ameline,Netta,Ameline.Netta31@testmail.com
Sari.Still60,Sari,Still,Sari.Still60@goodmail.com
Amandy.Panta30,Amandy,Panta,Amandy.Panta30@funmail.com
Marilyn.Eshman33,Marilyn,Eshman,Marilyn.Eshman33@funmail.com
Nessa.Orvan7,Nessa,Orvan,Nessa.Orvan7@funmail.com
Lise.Aronson91,Lise,Aronson,Lise.Aronson91@funmail.com
Nannie.Musser65,Nannie,Musser,Nannie.Musser65@testmail.com
Reena.Bradski31,Reena,Bradski,Reena.Bradski31@testmail.com
Ysabel.Phyllis78,Ysabel,Phyllis,Ysabel.Phyllis78@goodmail.com
Trudy.Annnora23,Trudy,Annnora,Trudy.Annnora23@goodmail.com
Lurleen.Marten60,Lurleen,Marten,Lurleen.Marten60@goodmail.com
Ruthie.Kimmy92,Ruthie,Kimmy,Ruthie.Kimmy92@testmail.com
Robinette.Alastair24,Robinette,Alastair,Robinette.Alastair24@goodmail.com
Juli.Cayla8,Juli,Cayla,Juli.Cayla8@goodmail.com
Marilyn.Gill52,Marilyn,Gill,Marilyn.Gill52@funmail.com
Becki.Kristofer27,Becki,Kristofer,Becki.Kristofer27@testmail.com
Dionis.Maurene89,Dionis,Maurene,Dionis.Maurene89@testmail.com
Andrea.Babette70,Andrea,Babette,Andrea.Babette70@testmail.com
